<?xml version="1.0" encoding="UTF-8"?>
<!DOCTYPE mapper PUBLIC "-//mybatis.org//DTD Mapper 3.0//EN" "http://mybatis.org/dtd/mybatis-3-mapper.dtd">
<mapper namespace="lin.cms.mapper.PermissionMapper">
    <resultMap id="BaseResultMap" type="lin.cms.model.PermissionDO">
        <id column="id" property="id"/>
        <result column="name" property="name"/>
        <result column="module" property="module"/>
        <result column="mount" property="mount"/>
        <result column="create_time" property="createTime"/>
        <result column="update_time" property="updateTime"/>
        <result column="delete_time" property="deleteTime"/>
        <result column="is_deleted" property="isDeleted"/>
    </resultMap>

    <select id="selectPermissionsByGroupId" parameterType="java.lang.Integer"
            resultMap="BaseResultMap">
        SELECT p.id, p.name, p.module, p.mount,
               p.create_time, p.update_time, p.delete_time
        FROM lin_permission AS p
        WHERE p.is_deleted = 0
          AND p.mount = true
          AND p.id IN (
            SELECT gp.permission_id
            FROM lin_group_permission AS gp
            WHERE gp.group_id = #{groupId}
        )
    </select>
</mapper>